"fr_id","fr_name","en_id","en_name","set","methode"
"06ad5b20-fd7c-4fc1-aaaf-649b553ecee4","Le Marin Meurtrier","9adaed90-ed0b-4587-b6a4-e464ea86f7be","The Murderous Sailor","Lost Moorings","illustration"
"b4e2d395-5af7-4702-8806-af7690e0ffcc","Murmures des Profondeurs","bc9df08b-e383-4791-adc1-2145bc393bc5","Whispers From the Water","Lost Moorings","illustration"
"b896f967-d8ba-4a0f-8899-3120731bf988","Piste Froide","385bb8b9-0af1-4627-8e9e-ef77003f73ba","Cold Trail","Lost Moorings","illustration"
"8a0b3508-1bfc-421e-bf58-90a56dcc35be","Transi jusqu'aux Os","afd44a62-ede2-4c65-9fc7-97c594cf3ef3","Chilled to the Bone","Lost Moorings","illustration"
"2c96f71c-d5ca-4449-8f9c-780d3fd5dcfa","Traqueur Englouti","93a1b1ad-03a0-433d-8b7e-db7d75b5b088","Drowning Stalker","Lost Moorings","illustration"
"8117981e-737d-4482-b7af-d06b4311d58d","Tempête dans la Nuit Noire","100b769b-5564-4131-bc2a-68d8d87da9db","A Dark and Stormy Night","Lost Moorings","illustration"
"9125ba4c-0d57-4816-b96f-37ec20a36ad3","Eaux Troubles","8cd49064-73ea-4230-9ece-49422f093256","Churning Waters","Lost Moorings","illustration"
"ee28e5f6-07c3-4efe-81f3-84d67fefbc40","Rêves Lointains","bc5119b2-ee79-4bf0-8461-0ba6e70f9c34","Distant Dreams","Lost Moorings","illustration"
"d5ea4f90-1408-4154-83c0-ad2564d5649d","Ce que le Soutier a Vu","5486c9fe-2283-4b9f-b289-ea7cf4f65287","What the Stoker Saw","Lost Moorings","illustration"
"33ed5b98-cdf3-4f8c-b962-c219ba6817c2","Berges de la Rivière","6b1cb59b-0576-45f2-a42b-9be51b458cfe","Waterfront","Lost Moorings","illustration"
"378ef3e1-fc7e-490b-90d1-10f03d4a7890","Cales Sèches","06e12e6a-fd56-4137-9260-d3abcc67b7d9","Drydocks","Lost Moorings","illustration"
"8c06a82a-6ee6-474f-b7ba-66e4f5d08273","Entrepôts de Pêche","6f0f8e60-575f-428f-988b-1bfe7ad01307","Shipping Warehouses","Lost Moorings","illustration"
"3cf4d719-c12d-4075-8ad8-cb01a22d5daf","La Truite Éventrée","10a73760-e954-4bc7-ae90-a5797b54bb91","The Gutted Trout","Lost Moorings","illustration"
"657fd443-2b6d-4da0-983d-308c7990d083","Pont Principal","ed90da52-3f86-4f7b-a2a9-b27bde5ba022","Main Deck","Lost Moorings","illustration"
"a41d7119-d0cb-41bd-94ce-36739561499c","Quais de Pêche","778f6f97-2cb6-48b0-9e66-6137ea2a46a4","Fishing Piers","Lost Moorings","illustration"
"aa4bb69a-7dfe-4579-accf-3533fe3f586f","Quai d'Arkham","118ed242-80c8-41e8-9204-b571840db231","Arkham Quay","Lost Moorings","illustration"
"d77762c3-2512-43e0-a041-1f0233c1d998","Salle des Machines","ec2041ed-c829-4128-b21c-6f5a4e3c698f","Engine Room","Lost Moorings","illustration"
"3b62341f-01b6-4ba9-97c4-dbf1dbc21bd2","Timonerie","b9e44159-281e-4c03-9c18-190b5dbd3b5d","Wheelhouse","Lost Moorings","illustration"
"2fe6621a-9539-453a-9789-7bdcf4657505","Concurrence Agressive","a5b732ca-fc89-496b-912e-5261622000f6","Covetous Competitor","Going Twice","illustration"
"f80e31a5-d72e-4c15-84d3-e5297b623409","Garder la Main","91304a5d-c7a0-4d28-8c83-26d2960ebae1","Keeping Tabs","Going Twice","illustration"
"0bc28558-7412-44fd-a4ce-b867167357d4","La Folie des Enchères","4e08b631-fdd3-4a1d-b925-fc33014ca3dc","Bidding War","Going Twice","illustration"
"942c2020-a3b7-41b5-97ed-170ed124819b","Pickpocket","85080674-7ae9-40aa-b6dc-4c470fc1b3be","Pickpocket","Going Twice","illustration"
"f5de4ef6-1b9a-4ec7-9071-3a6e403f18f2","Sentinelle des O'Bannion","6043a661-661b-4665-a44c-85209cd8ce50","O'Bannion Sentry","Going Twice","illustration"
"94b9889f-1d81-4a74-9125-bb5954bb01bc","Surveillant de la Salle des Ventes","98cdf53a-f249-4254-9fa2-05ccdac02bfe","Auction Security","Going Twice","illustration"
"642385cf-f650-4ad7-a612-935d7f8f8f66","Ernie Vickers","ac979a24-f158-4950-a864-b434cc028cc7","Ernie Vickers","Going Twice","illustration"
"282e6f8c-88a7-4296-af4c-55e159527c62","Idole Pervertie","a2b90316-d5dd-4d48-abce-85bbb3b0e888","Warped Idol","Going Twice","illustration"
"4ef58d45-7f19-4890-9575-f47bdc22a036","Sous Couverture","dffcc6d6-1469-4792-ba36-09f1cf7e2f0c","Cover Charge","Going Twice","illustration"
"99bd2ac6-39be-4c15-be23-d25242522400","Fin de la Vente (v. I)","0b3c969e-400b-48ff-a2f2-73456de0aea5","Sold Out (v. I)","Going Twice","illustration"
"c8e265cd-77be-4bdf-af7a-b7a66ae2a5d1","Fin de la Vente (v. II)","958a60d2-375c-4504-b43a-3741dfa60c48","Sold Out (v. II)","Going Twice","illustration"
"dc750f85-8923-40e8-a8b3-72558faf6358","Lot d'Enchères","77b22079-83e3-4e95-948a-34a93fa669bc","Auction Lot","Going Twice","illustration"
"1ea7dcf3-60e0-4541-af7e-24a4859b079a","Lot d'Enchères","6ab78f00-b303-4dc0-ae91-f69bd202d921","Auction Lot","Going Twice","illustration"
"14734af1-98a9-4192-bb12-3e0b3ea851df","Lot d'Enchères","6fd9cbf4-f2ac-4c34-add8-5013deb60b5c","Auction Lot","Going Twice","illustration"
"0176ef82-c4a9-4606-96f8-fd46467ccab6","Lot d'Enchères","64fc7cd3-0d31-4a44-bc98-91ffeeea763b","Auction Lot","Going Twice","illustration"
"fa86a15c-33a5-4e78-96fe-0e061ef3c887","Lot d'Enchères","74b2a099-4c86-4766-a4e4-c768c7ade3d2","Auction Lot","Going Twice","illustration"
"9351aeb4-e5ea-4a5c-af05-4a5e5279b244","Lot d'Enchères","608242ce-533c-42c9-ae22-aead653f6f1d","Auction Lot","Going Twice","illustration"
"092d6d2f-0a98-4384-9131-291b9e63dadd","Lot d'Enchères","1d628ed1-a420-47f9-a056-4b6d9936d0a7","Auction Lot","Going Twice","illustration"
"fdd95e31-6a35-4e01-a787-f94c13c56854","Lot d'Enchères","534564da-3f70-4426-aa66-239e4ea1f781","Auction Lot","Going Twice","illustration"
"842635c2-2ce6-4f91-81b1-14553305731e","Nora Shanley","aacb4674-7396-422d-a49a-e1ffec86570d","Nora Shanley","Going Twice","illustration"
"76906100-0aeb-4415-bdfc-564c908fa6e8","Antichambre Privée","5c36d92d-d656-4afa-946d-f2366c62f065","Private Lobby","Going Twice","illustration"
"900dac41-423b-4602-a890-c25344f835bb","Bureau de la Courtière","5bd555b6-8735-4fc7-ba91-01e3bc9bfd46","Broker's Office","Going Twice","illustration"
"fc4025c8-e16c-4995-9a51-21ed2dfe720a","Chambre Forte","9bc336ee-fbe0-4502-990c-e68683b6ccef","Storage Vault","Going Twice","illustration"
"6e7c593c-409d-4c4b-9e3c-2042ca2323ab","Couloir de Service","ccd91d54-8817-4e6e-b693-2188fadc9996","Service Corridor","Going Twice","illustration"
"8c853190-5387-4678-baa6-104a16ec8f68","Fumoir","55895b14-c56f-4c8a-9bb3-6ee37477cc4e","Smoking Lounge","Going Twice","illustration"
"87ad0b58-7fff-4654-86d7-1af42418a85d","Salle des Ventes","c5d7566a-c8bf-4b29-b286-d537a5ef1426","Auction Hall","Going Twice","illustration"
"300ac820-d811-49aa-80c9-e22d50649500","Salle d'Exposition","02d6aa90-2578-4680-a07e-cd61349cb844","Display Room","Going Twice","illustration"
"45ffaadf-bb05-4219-86a5-2b4876109159","Attaque Surprise","71a26982-b0ac-4e12-8dd8-216bb007a5e8","Covert Attack","Private Lives","illustration"
"5d6d27b6-08d0-43ca-a925-6e9727642ee4","Chiffrement Obscur","29e46bb0-7350-4b33-96c0-da7674461c8c","Obscure Cipher","Private Lives","illustration"
"3dbac0d6-067a-4393-be3b-d8b2f8ffcc85","Nettoyeur","3c81e6ff-f7a2-44d0-91c2-baa10cbb47f1","Cleaner","Private Lives","illustration"
"dff0d5be-fb9f-4588-9f5e-5dd140f85192","Pièces Manquantes","0b451642-b7e2-470a-9bcc-a2f958b41c1c","Missing Pieces","Private Lives","illustration"
"5ec93a29-0562-43ac-b5d1-f000235212af","Pyromane","0d89da4d-8a3f-4961-ba2a-5a06a19b9c8e","Arsonist","Private Lives","illustration"
"44620a99-7632-4e9e-aa8b-1f424b8f36a3","Bague de Wycliffe","049a9a5c-8407-449b-bc48-d5e6cc68219b","Wycliffe's Ring","Private Lives","illustration"
"cc32ce47-3f04-41e6-888b-4438ff11c94b","Crime en Cours (v. I)","44010bf4-0e53-4c9d-9734-dcae7c4407de","Active Crime Scene (v.I)","Private Lives","illustration"
"5942b0ac-935b-4c2c-8f77-aa245bc51a48","Crime en Cours (v. II)","627ab010-beec-4cf1-b0e6-1b586d97c1aa","Active Crime Scene (v.II)","Private Lives","illustration"
"25ed3250-7d15-489f-b7f1-9008b5b6478f","Nettoyage par le Feu","0e6a6848-09a0-4355-bba2-483fce9fb5ff","Burn Notice","Private Lives","illustration"
"282eff4d-9237-4def-89f0-fd6216656506","Bureau","947347f6-78e5-4c64-ba44-3962d30c9635","Drafting Room","Private Lives","illustration"
"a5d2ecb2-2c78-4360-aedb-a24d17d34714","Chambre Principale","b9e55193-8004-4f61-8ee0-665551bce93e","Master Bedroom","Private Lives","illustration"
"1f18aceb-588d-4c82-83de-bea8537c0989","Couloir du Premier Étage","bb1e28a9-427a-4c0b-a315-29cf2ce1ea20","Second Floor Hallway","Private Lives","illustration"
"f0edf5eb-766e-49ef-a92c-7fca96cad6f8","Étude Privée","b3a5c241-7c90-4cfb-9f91-c00f5397db5b","Private Study","Private Lives","illustration"
"180419c7-85ae-44b9-96ac-8ea10792432c","Hall d'Entrée","1fb05fdb-a096-4442-881b-cb8ae88a55fb","Entry Hall","Private Lives","illustration"
"0f383a0e-8f5e-404c-b15b-8e67f3ceb997","Quartier des Domestiques","aa09bb7d-a0da-4e72-916d-916449786fc6","Servant's Quarters","Private Lives","illustration"
"f64fbf4e-6faf-44e5-b472-ea98f265c48f","Salon","44c31d29-c606-4a49-9807-315db3344c02","Living Room","Private Lives","illustration"
"03497949-d3f7-4753-8ef0-59963fb57161","Agent Dormant","f36eeb47-222d-496f-b222-fc32bace778b","Sleeper Agent","Crumbling Masonry","illustration"
"895379e4-e4ad-4f0b-8ad0-a3096ed70d06","Fait comme un Rat","67d746d1-c825-4031-9614-c31bcc00bf4f","Cornered Rat","Crumbling Masonry","illustration"
"e3dac6a6-06db-446b-b469-6fd4c821dc04","Glen Conroy","c4307650-8ed9-463f-87d8-09f9ae48a3da","Glen Conroy","Crumbling Masonry","illustration"
"1f4c94d5-2b39-410d-a68f-71133028a339","Hector Sutton","a5677f6d-004d-4e7c-9ee8-2777221c7cfb","Hector Sutton","Crumbling Masonry","illustration"
"94f75892-6b1e-4761-adde-9e71253cf7cb","Des Loups dans la Bergerie","9d44927c-6aab-4897-a3b5-8b2e65445cc1","Wolves Among Sheep","Crumbling Masonry","illustration"
"07863967-95d1-4b73-9cad-c93c2fb949f3","Luther Lynch","4f87e8f6-44f4-4603-909d-b1a58efffbef","Luther Lynch","Crumbling Masonry","illustration"
"d7deb7be-fd74-4aa5-87d0-13ef74222096","Paul Kellerman","ddeb675d-dd50-42a4-a292-14680ab10bd1","Paul Kellerman","Crumbling Masonry","illustration"
"e27ba729-9274-4491-acb2-0ac0f0655328","Repéré (Menace Avérée)","40ce7750-6516-4be9-8d3c-37df2df1abd7","Marked (Definite Threat)","Crumbling Masonry","illustration"
"ace075ef-9afc-4176-98a1-5fe362e68446","Repéré (Menace Potentielle)","8d750c10-93fa-4212-828e-a88fc3222334","Marked (Possible Threat)","Crumbling Masonry","illustration"
"2ec36eeb-2dae-4c72-8bde-b63ee7eb75b3","Repéré (Menace Prioritaire)","d456ba45-a0d8-4211-ab73-f769c8d88f03","Marked (Priority Threat)","Crumbling Masonry","illustration"
"f3eb72d4-7b03-4a75-9b68-496d2241cf58","Rodney Duvall","f1fbf973-8373-45de-a0c4-ddb4f31ec716","Rodney Duvall","Crumbling Masonry","illustration"
"bb7f498b-ffa3-4a83-8d22-2048b91a27a1","Suspects Dogmatiques","927fc951-1568-4122-ad5a-7e8e0c55d54b","Insular Suspects","Crumbling Masonry","illustration"
"6cb61625-beee-4add-9957-d134672cf192","Ulysses Hill","c6be3790-aa52-4833-b5ea-77876d53c4b7","Ulysses Hill","Crumbling Masonry","illustration"
"4e3c5d92-b815-4227-bd03-df3c1944afc9","Wallace Thorpe","cc867d2f-dd0f-4c25-a3c3-5d8072b56e5b","Wallace Thorpe","Crumbling Masonry","illustration"
"4fbaf05d-4cfc-42f0-81b0-0119f54cfe9b","Compas de la Grande loge","d389a7bb-8ac5-4e3b-a7dd-a26309b02fa4","Compass of the Grand Lodge","Grand Compass","illustration"
"0c727df9-d0e5-4a04-a0e9-caf5307f2cfc","Le Grand Trésorier Félon","30f5694f-d5fc-4c19-b385-838b6f76772f","The Traitorous Treasurer","Crumbling Masonry","illustration"
"afe523f8-08f0-4a18-b304-02a65e71a07c","Le Grand Maître Adjoint Félon","7c9b6133-d253-4815-8ccc-0b6228939182","The Traitorous Deputy Master","Crumbling Masonry","illustration"
"843425df-c329-4ecf-84c8-7313321fe488","Fissures dans la Clé de Voûte","69955354-b407-4d91-a667-af3584c70805","Cracks in the Keystone","Crumbling Masonry","illustration"
"f5cf4cf6-5308-4488-ab76-b95c41963003","Schisme Secret","94a39f24-094f-416a-9a76-4f6a4d3f05f4","Schism in Secret","Crumbling Masonry","illustration"
"4dc3dd25-8b82-4117-b2ec-c0b033f21c26","Effritement Accéléré","a9ebca7c-67cd-427a-883d-63ddbb6e11a2","Rapid Erosion","Crumbling Masonry","illustration"
"9a361ed3-a3de-42c2-a9f3-bd62f035bd10","Le Grand Secrétaire Félon","4bb35a98-4b01-42f7-989b-ae77f412d1f6","The Traitorous Secretary","Crumbling Masonry","illustration"
"2c462ddb-29d3-44d1-93c4-603e0f821fe4","Le Second Grand Surveillant Félon","bf590f81-dee1-4392-bbca-f9b30c501100","The Traitorous Junior Warden","Crumbling Masonry","illustration"
"3576f4ce-cc8f-467a-bbde-2a3b14aaf4a8","Le Grand Maître Félon","b538fd5e-c419-412c-96aa-ef9bc03e751a","The Traitorous Master","Crumbling Masonry","illustration"
"f40df6a9-abfc-4d4f-8cfb-abc86d52e2a5","Le Premier Grand Surveillant Félon","36174700-35c6-4c7b-8d1b-6fd4b1e9ffa8","The Traitorous Senior Warden","Crumbling Masonry","illustration"
"417fa8f3-3605-432d-bedd-cb18ceda7b71","Bibliothèque Maçonnique","8b438722-b23e-4d89-88af-594b3a3c7401","Masonic Library & Museum","Crumbling Masonry","illustration"
"d8f1bd2e-52ba-4c92-8f0b-abf02203d81f","Bureaux du Temple","75f70923-f7e6-46d1-a514-285d5cab35fd","Temple Offices","Crumbling Masonry","illustration"
"e2b8c868-4920-40a0-9cba-56dfeb4094e7","Entrée sur Broad Street","75c48ed9-c225-492e-a29e-2c26260e60ef","Broad Street Entrance","Crumbling Masonry","illustration"
"a12ff8fc-be38-45a7-903b-d46d31779e52","Escalier Monumental","d86f9ed9-cb9f-4a33-b9f7-2d0147d57095","Grand Staircase","Crumbling Masonry","illustration"
"29175eac-f9cf-4044-a421-e3cbeb58cb59","Escalier Monumental","cca8583a-5370-4617-b4f9-26818c784643","Grand Staircase","Crumbling Masonry","illustration"
"ef260f13-060e-4e97-9219-9638d09dfe96","Grande Salle de Réception","20682a1e-fb61-40f4-aeb6-04337383ac94","Grand Banqueting Hall","Crumbling Masonry","illustration"
"91748d27-74c1-4246-b5f0-7a2cebf9846f","Salle Corinthienne","a0580208-d170-4a5f-af92-7e332feff6e7","Corinthian Hall","Crumbling Masonry","illustration"
"9750d09e-f414-4779-8ba6-157d6ff98e94","Salle Orientale","70c63c8e-ad50-4e49-9abf-d0f6933b2a28","Oriental Hall","Crumbling Masonry","illustration"
"9e1a37f4-830d-4c2c-8e85-2118bcde841a","Salle Renaissance","4d4ee62d-9e86-4db3-b88e-c933b9e84359","Renaissance Hall","Crumbling Masonry","illustration"
"d978c2ad-9d50-4ce6-98ff-602571585e99","À vos Trousses","9d348c4d-ef1b-41d4-a18d-797d8f6ff258","Hot on Your Trail","Across Dreadful Waters","illustration"
"1aa5f5c3-7c88-463c-a162-c34e3a7d04f5","Aiguille Cachée","0fb8bb26-6390-4337-bee9-adbc80265559","Hidden Needle","Across Dreadful Waters","illustration"
"4efdb9eb-aafe-4185-b541-1d844088d472","Fermer la Nasse","1e8952b5-a66c-4525-b372-d71bd9460b1d","Closing the Net","Across Dreadful Waters","illustration"
"b76b4565-9484-4b04-ba3c-013b1751a183","Territoire Étranger","c24cff1d-0cc7-4708-806b-8cc1d1b9726c","Unfamiliar Territory","Across Dreadful Waters","illustration"
"6f7dae55-3520-4a80-89b8-c3e52b31c2b2","Asthénie","c452f9c6-1d43-4a80-800d-b72d544944e5","Lingering Fatigue","Across Dreadful Waters","illustration"
"459526b4-06a6-478c-b1a7-43895782c08c","Assassins en Approche","f1eccf2a-4c90-4122-9ce6-b48dcaf3e0db","Assassins Close In!","Across Dreadful Waters","illustration"
"6c7e33a6-e6a7-4572-a5b3-83a34e9999cd","Embuscade dans le Canal","6bdb31b8-31c5-4a42-8ee1-7dfeab6d5c3d","Ambush in the Canal!","Across Dreadful Waters","illustration"
"97c6a69b-66eb-42fe-93b8-395149331828","Blocus Portuaire","2e9db86c-61af-4403-9ff6-b5de3a6da6bf","Harbor Blockade!","Across Dreadful Waters","illustration"
"774a7693-fa70-4a7e-901c-4e87468e3e34","Provisions Empoisonnées","9226a9ee-69eb-4d19-a79a-1c8100211f38","Poisoned Supplies!","Across Dreadful Waters","illustration"
"756bd49c-8ee4-49e1-9d80-77a878642027","Moteurs Sabotés","74ae72dc-50ea-42f7-9f8d-64066d046c46","Sabotaged Engines!","Across Dreadful Waters","illustration"
"abe30b6c-63db-4193-b51d-0e24b3e70424","Intimidation de Fonctionnaire","e7ff0610-3368-4b6e-aed6-d2be8005a443","Blackmailed Official!","Across Dreadful Waters","illustration"
"e2a22f71-86d4-4ab7-af04-f2c6dc3c5da9","L'Attaque des Profonds","27f1323d-42db-45b9-88b2-a10c49f5c786","Deep Ones Attack!","Across Dreadful Waters","illustration"
"8c54a0e7-b8f4-444a-b562-71652b336398","Rêves Fiévreux","7dffd235-08ea-46fb-86c2-0d49bb7a90c3","Feverish Dreams!","Across Dreadful Waters","illustration"
"a4ca60f7-5fb5-41cb-bab3-a7810e21b74e","Accusé de Meurtre","04997abb-4744-49ce-9c0c-f74b6b97834f","Framed for Murder!","Across Dreadful Waters","illustration"
"a7d6d8f8-61b2-48fb-928e-f473ed1e392e","L'Engeance de Cthulhu","d46c1ea7-96db-4520-a08d-d64c77b85335","The Reach of Cthulhu","Across Dreadful Waters","illustration"
"72f374de-8823-4410-8c1a-c7d0e8bc7200","Central Hill","b69eb6b8-e7cb-49e2-bb6a-6547853a670d","Central Hill","Across Dreadful Waters","illustration"
"de389972-41dc-4fa6-8ced-8c268e486ac7","Rivage Sud","63ca5099-5751-4d2a-af38-ca7e3e91b87a","South Shore","Across Dreadful Waters","illustration"
"f3a08a8c-1205-4315-b1b1-4f5029ca57f3","Cathédrale des Canaries","2ccc75eb-39f4-4b0b-ad5e-6912b4901d97","Catedral de Canàrias","Across Dreadful Waters","illustration"
"6b2bd756-b73b-4f35-b3db-801a5fe38c78","Château de la Luz","276426ec-e221-4888-b90f-60ac7568e466","Castillo de la Luz","Across Dreadful Waters","illustration"
"b539e213-8072-46cf-a100-a4241d0f66a2","Plage de Las Canteras","d7d200b9-916c-4f73-87fb-abb21c039931","Playa de Las Canteras","Across Dreadful Waters","illustration"
"830e23d1-fb3c-4e58-a00b-9974b7dc2bff","Château de Bonne Espérance","3c33d3f2-f194-4f69-957e-46a3884abf06","Castle of Good Hope","Across Dreadful Waters","illustration"
"1ea26d78-7186-498c-a683-290b772fa0ae","Montagne de la Table","cd8fca7a-79ca-41fc-91ae-b695be859a5b","Table Mountain","Across Dreadful Waters","illustration"
"63c6bf00-049c-46b9-92f2-ed6815588480","Université du Cap","56f496cf-0885-4bbb-8950-e07c96309c28","University of Cape Town","Across Dreadful Waters","illustration"
"6fd12d54-236f-419c-becf-01bdd09dca0b","Dispensaire d'Ithnashiri","4ec5000e-65e5-40e3-a332-970f80f2e08b","Ithnashiri Dispensary","Across Dreadful Waters","illustration"
"815efdff-33f0-4128-a8a9-c6ff1a019e68","Maison des Merveilles","ccb6c60f-b225-4e7f-8737-1390506c1b51","House of Wonders","Across Dreadful Waters","illustration"
"982bbb42-5399-4a2a-8e5a-27fb1d81d1f5","Palais du Sultan","749cf71f-1187-4fe9-8dda-a37b25dfd70e","Sultan's Palace","Across Dreadful Waters","illustration"
"b1f52eb4-1985-4884-b1b0-d65ae6d17cb6","Vieux Fort","97cb353d-34e7-44b8-a150-2020f0e9a59a","Old Fort","Across Dreadful Waters","illustration"
"8df8d933-7403-4b3f-b314-c5f159a5cfbf","Jardins d'Alameda","ab8608e0-6d11-40f8-81c7-5a2593720ed6","Alameda Gardens","Across Dreadful Waters","illustration"
"32531a88-856e-49de-b128-508ef1883aa2","Pointe de l'Europe","0fc04f30-9603-4b0b-a773-0ed2fbdca5e6","Europa Point","Across Dreadful Waters","illustration"
"919354f7-96be-4cbf-89dd-64798eb4002d","Tour de l'Hommage","947e26a8-1ce0-4455-8ad3-ede98d531ae6","Tower of Homage","Across Dreadful Waters","illustration"
"709b241f-ad01-468a-aa81-1a84248bb02f","Compagnie du Canal de Suez","38f3c921-ede1-4fba-937c-203f93863cfc","Suez Canal Company Offices","Across Dreadful Waters","illustration"
"d2f145f5-603b-4b28-982d-db469b486f50","Phare de Port Saïd","fc520ff7-67d2-4342-a69c-444c57078529","Lighthouse of Port Said","Across Dreadful Waters","illustration"
"6d070567-9301-4218-be68-a71f0eca8ce7","Quartier Arabe","0650e688-307f-4f89-9869-4dfd3110d6bb","Arab Quarter","Across Dreadful Waters","illustration"
"f185c245-5cbd-41c9-85fd-1f9b06537c45","Fort Sewri","fb9ecb39-9bc9-4d93-b217-a77b280aee71","Sewri Fort","Across Dreadful Waters","illustration"
"cc313108-2fee-4d64-8884-5d203be30478","Gare Victoria","80923d43-5791-49cf-9de7-86ea394fa051","Victoria Terminus","Across Dreadful Waters","illustration"
"3143b998-680e-458b-afa6-baf0fc97b5f7","Porte de l'Inde","3ea617b0-82d6-451e-933d-5d0b4884ff90","Gateway of India","Across Dreadful Waters","illustration"
"3c31afa4-34c4-485f-b5ea-f524b81e3fc5","Shree Siddhivinayak","57a84693-7d0e-41f7-b1c9-de8106cf0657","Shree Siddhivinayak","Across Dreadful Waters","illustration"
"9d9d6ad7-15bb-48e0-a4da-d8bd2916d249","Écluse de Gatun","6b60788b-046f-4896-b685-cf4e93ea4f9a","Gatun Locks","Across Dreadful Waters","illustration"
"a6a611d1-8840-490f-9e7f-0b3f83c45a40","Fort Davis","a8072975-d67f-442f-bf82-96992fae343f","Fort Davis","Across Dreadful Waters","illustration"
"826c0b57-55e9-42c8-81ad-80ad7f4a1aab","Fort de Lesseps","d3a143bc-8ed6-4c7f-ad3d-c5665d94ebc3","Fort De Lesseps","Across Dreadful Waters","illustration"
"b3b91474-400a-4fc6-9bc6-4cf94b6a4602","Bibliothèque Carnagie de Suva","3476c16d-03ec-4ee8-9051-fb9f74d4af40","Suva City Carnegie Library","Across Dreadful Waters","illustration"
"ec075455-0604-4617-a95e-7566c9026768","Cathédrale du Sacré Cœur","da53460c-3333-45be-ac27-12e2c1e640d1","Sacred Heart Cathedral","Across Dreadful Waters","illustration"
"dbf21170-649b-484c-8915-6ec8d4bf4664","Jardin Botanique de Suva","3f4b3b27-3f3f-4a0a-abda-99e975a1913a","Suva Botanical Gardens","Across Dreadful Waters","illustration"
"e943a043-d8a7-4ab3-bdee-f91629acd6d9","Baraquements de Hyde Park","31b771d1-f8c0-484d-b298-be7a86a11b41","Hyde Park Barracks","Across Dreadful Waters","illustration"
"075c076b-b854-43ae-aa1e-e0523cd693cb","Gare de Sydney","94dea937-e7a5-4ccc-934d-bedb96224e1e","Sydney Terminal","Across Dreadful Waters","illustration"
"204744fe-dc03-40fd-9385-5fd5e2904bb5","Immeubles Reine Victoria","8a573d4d-0eca-43da-a91f-8b5aa5817b31","Queen Victoria Buildings","Across Dreadful Waters","illustration"
"ae9e8d2a-87d1-4f16-8020-88b23f65f375","Jardin Botanique Royal","1bb2e912-2f67-4a4c-a480-c795ec4d263c","Royal Botanic Garden","Across Dreadful Waters","illustration"
"f4fbb884-0227-4fe1-af28-64b98ff1f99c","Zone Portuaire","67136f92-2c58-496e-bd92-93297f550868","Harborside","Across Dreadful Waters","illustration"
"4e6ed6b9-ec2b-4384-a287-2161bf0e2009","Architecte de la Barrière","1f84fb32-d95d-48ba-b022-3a8a4a64415c","Barrier Architect","Blood From Stones","illustration"
"b9e5f779-3617-4a78-a28a-066788f0e6e3","Barrière Pulsatile","4a05b602-b5c1-4509-af75-064c843329ac","Pulsing Barrier","Blood From Stones","illustration"
"12210ed1-515d-4006-9c3e-938a5fc10031","Basiphobie","0602b088-83b1-49b4-979b-de51157df332","Basiphobia","Blood From Stones","illustration"
"b20b994c-6430-4468-8eaa-cf57735ffb91","Conceptions Insensées","4562cc92-0b43-4514-871b-e0bf05f8b663","Maddening Designs","Blood From Stones","illustration"
"be3a2b01-fae8-4fb9-93f2-eaa703516c93","Pensées Fragmentaires","5d12ec2d-8fac-4d31-af40-726ac32cfbdb","Fractured Thoughts","Blood From Stones","illustration"
"c41d71ce-8a2d-445c-bf31-8f712453f0f3","Structure d'Emprisonnement","bff58d93-91d6-490c-ae66-460f26ece90a","Confining Structure","Blood From Stones","illustration"
"010658c3-1235-4d6c-a149-1eaeaf1ffe76","Tisseur d'Entrave","f6ae4a9c-58a5-4aac-a85b-f8e3b275042c","Ward Weaver","Blood From Stones","illustration"
"4fd06392-fb4c-4b1e-98e9-127ed9e4a313","La Barrière Géométrique","e6906738-5c87-4000-a617-a63d9732e6eb","The Geometric Barrier","Blood From Stones","illustration"
"ceb7fc78-199f-4907-aba1-245d2624ea70","Fractales Décroissantes","fe564fb0-04f6-4fae-848b-94bf337a6a2c","Diminishing Fractals","Blood From Stones","illustration"
"85beb8f5-fed9-4abe-87bc-51a318459884","Effondrement des Structures","47105556-e3a1-489e-bbe9-d46201f7a57b","Collapsing Patterns","Blood From Stones","illustration"
"e5d9d0ad-943d-486a-8430-27c74f0d0225","Sceau Immuable","00f43e07-d1cd-42cb-ad72-24e0ad74362d","Immutable Sigil","Blood From Stones","illustration"
"7c535464-899d-4cac-b187-4ba8123fd710","Cénotaphe","fe8d834f-76d6-4878-a176-7891e6190e52","The Cenotaph","Blood From Stones","illustration"
"bad4ed4f-1c4b-4510-a3d6-6e5e33dbde59","Couvent du Saint Enfant","67274f6e-3327-4496-baf5-120c2789d1b2","Convent of the Holy Infant","Blood From Stones","illustration"
"9699e75a-2e63-4bde-bc69-f48b5b848bbc","Istana","e6b94b16-1457-4b1f-adec-8ed3028a5ec8","The Istana","Blood From Stones","illustration"
"ed1a58a3-5974-4e2a-92dd-e8a720857118","Mosquée du Sultan","cf83a915-2091-41a0-899b-574d9b46614a","Sultan Mosque","Blood From Stones","illustration"
"9aeabaa9-8e47-4e4c-bdb5-fd75efe7cb1e","Port de Singapour","88d8583b-f8bc-4903-baac-36ad7d46844a","Singapore Harbor","Blood From Stones","illustration"
"77c75394-f682-4aa3-b470-2b2cb1369b0d","Temple Maçonnique","91099549-e41d-443e-8c8a-8f2e20d0ecb6","Freemason's Hall","Blood From Stones","illustration"
"8ae8065b-c5eb-4c98-9f38-9ddb7188e6a8","Thian Hock Keng","06bd0154-d089-4080-8651-b626ef8b5e91","Thian Hock Keng","Blood From Stones","illustration"
"e4c7356f-2b7d-452b-a3b3-e4465caaa074","Agent des Profondeurs","9c13db01-fe9c-44ad-8ff2-b049bc487c8f","Agent of the Deep","Pyroclastic Flow","illustration"
"39c48f4d-00e0-4983-8dae-7ff5e4bb3cd7","Conjuration Spatiale","bf994faf-542d-4433-a5ac-c165d626becb","Spatial Ward","Pyroclastic Flow","illustration"
"321e7055-0e82-45ba-8e2c-08d5d764db2c","Convergence Accidentelle","109276d7-c2c4-415f-98d6-a69193ec0e45","Haphazard Convergence","Pyroclastic Flow","illustration"
"2fb33035-360b-437a-ae7f-6b5fce4970b5","Larve Stellaire de Cthulhu ","1bbb055d-9356-49c0-ae17-3333f6a1b511","Star Spawn of Cthulhu","Pyroclastic Flow","illustration"
"4a9262c2-7cf2-481f-9ab5-2197a1ba296d","Nuages de Cendres","94610481-7d21-4b52-bf24-ba0fe1a6b6cf","Clouds of Ash","Pyroclastic Flow","illustration"
"addf4de9-2275-4dc5-b44a-7d8ecb53d933","Pluie de Cendres","08c72e50-1fb7-413c-b21c-e66048bd6881","Rain of Cinders","Pyroclastic Flow","illustration"
"65e9418f-2dc2-484f-bd07-c15a7724543c","Lente Combustion","fe5682c8-3c9b-4c92-8383-2fbed7756cc8","Slow Burn","Pyroclastic Flow","illustration"
"9238a32f-9f43-4117-9e73-69a89cd67163","La Pression Monte","2492a18a-4217-43fc-a559-8e21490ed6cb","Rising Pressure","Pyroclastic Flow","illustration"
"2806fca8-bb13-446e-a17d-cab4d56e4bb9","Explosion Imminente","800f3450-30b9-4081-ac99-bbf6ade557b1","Ready to Blow","Pyroclastic Flow","illustration"
"275e55df-b3dd-44af-9588-92ba7ea4ac48","Canonnière des Cultistes","ccf6300c-0a90-441f-8a63-565d07fe477e","Cultist Gunboat","Pyroclastic Flow","illustration"
"f295ff51-f84e-46e6-885c-a58b047aaad6","Île Émergente","cc4072d9-b23a-487d-a985-406242f15c6b","Emergent Island","Pyroclastic Flow","illustration"
"8a00a927-8297-4741-9d9f-211bb9d01c52","Colonnes de Basalte","360b7be7-d13c-4a17-b64f-16b93da69b25","Basalt Columns","Pyroclastic Flow","illustration"
"f071859f-b54e-45f5-a96d-27fe8d810e25","Récif Décalé","16d953df-2821-4a5c-b1e8-c98e102bfd91","Displaced Reef","Pyroclastic Flow","illustration"
"5e02948a-30e3-4f69-872d-200e1e8dc2f2","Murailles Aquatiques","e308c1ed-b69d-4d80-8328-3ab90d51eeab","Wall of Water","Pyroclastic Flow","illustration"
"ce6aeb54-3d92-461e-a381-6f52e305cb15","Intersection Marine","d5999030-2501-4547-a88e-5329c3f21f5b","Intersecting Seas","Pyroclastic Flow","illustration"
"18e168a2-1c24-4ef8-9b79-15f82403906d","Tourbillon de Vagues","15f49f48-25c1-449b-8076-3affc188183d","Coiling Waves","Pyroclastic Flow","illustration"
"5fd6859c-2ab3-466c-bce0-54e4bda2efc5","Sukiman","984991bb-2dd9-4bab-8105-bbc0924735a0","Sukiman","Pyroclastic Flow","illustration"
"303da84e-97ff-48b4-bfc0-e6ce01f4cd0f","Bateau de Sukiman","b20f0cf4-0a59-47f0-98da-ed946968fdc6","Sukiman's Ship","Pyroclastic Flow","illustration"
"9631d9cf-2220-4bf3-b0cb-eeb6f2900f58","Rivière de Lave","cfc54067-1762-48ab-8406-9e533eb5c657","River of Lava","Pyroclastic Flow","illustration"
"02642c6a-ecac-4dcb-9a21-615040e58fd5","Falaises Fumantes","8b056110-acae-4c5e-8269-ec8b3184c912","Steaming Cliffs","Pyroclastic Flow","illustration"
"24ab0a63-17a7-4c93-9663-34727cd3317e","Plaine de Cendres","2161f277-383e-4446-ba34-c43eeecff59d","Ashen Flats","Pyroclastic Flow","illustration"
"3eebb4b2-bd56-4ddd-83a2-c3f1a7942301","Fissure Instable","3d69e8d6-4e82-4713-82e9-670568a7dba0","Unstable Fissure","Pyroclastic Flow","illustration"
"f451a647-cd07-4556-a91f-d41d4d930748","Pente Fumante","1fb21dd8-5066-4ba5-ad73-63cf14fb71fe","Smoldering Slope","Pyroclastic Flow","illustration"
"4ef1a04d-08f5-4253-b5b7-36c5ccc98339","Face Escarpée","03b942cf-cf5f-4ffb-ba1d-61504b723111","Jagged Facing","Pyroclastic Flow","illustration"
"59ffdb64-8270-4c11-a423-4c4292d2b03f","Bassins Magmatiques","37d9c048-3e76-4790-a0f8-f2181a7f10d5","Magma Pools","Pyroclastic Flow","illustration"
"d1a320d2-1b11-440b-bb2b-403735745af8","Plaques Convergentes","0624f722-e22f-46f0-a153-a604d5ef5f16","Converging Plates","Pyroclastic Flow","illustration"
"af7b5ba4-17ed-4a42-b634-1704771b4319","Cuvette Instable","dc941a22-f9bd-4367-b8dc-7bba1b5deabb","Volatile Basin","Pyroclastic Flow","illustration"
"e909d354-9a46-41a3-b2aa-863484e32b27","Cratère Endormi","a6942b0b-e90b-49bb-ad98-10c42a543e62","Dormant Mounds","Pyroclastic Flow","illustration"
"25c7b517-0a21-429c-9f15-70da480d18ce","Rivage Volcanique","ecca4a39-ca3f-41c9-aadc-bba2da99711d","Volcanic Shore","Pyroclastic Flow","illustration"
"4af8619e-b691-4ffe-811e-3cde000d1c0c","Sommet Impossible","c475efbc-04f7-4b87-80bf-2c3d7e19c1ca","Impossible Summit","Pyroclastic Flow","illustration"
"e68a1b1b-0d48-485b-9931-43414bdeba0b","Angles Incalculables","ddfa3bc3-5093-47dd-a824-7fc5a670174c","Incalculable Angles","Tomb of Dead Dreams","illustration"
"c3546200-f614-459e-9cf1-a1dbd5b78302","Atteinte Inéluctable (Haut)","257a2ff9-ad2e-47c8-832f-c4a433bf137e","Inescapable Reach (Up)","Tomb of Dead Dreams","illustration"
"46b3675c-9772-49dd-bf4d-edd0309f3363","Atteinte Inéluctable (Bas)","3ed22d81-0d03-4a76-9504-0dc0da3f372f","Inescapable Reach (Down)","Tomb of Dead Dreams","illustration"
"34a746fe-dd33-48d1-aec6-d70e2e1198fb","Atteinte Inéluctable (Droite)","caf4982f-7c13-405b-924d-834805f40e1a","Inescapable Reach (Right)","Tomb of Dead Dreams","illustration"
"cb340cce-6a78-4e93-8f72-23546ca558fe","Atteinte Inéluctable (Gauche)","5446658d-4e19-4d45-8ece-e47dd7953212","Inescapable Reach (Left)","Tomb of Dead Dreams","illustration"
"2550ba01-f55e-4ea7-9a58-3990c6172ae9","Au Bord du Vide","f9c56308-954f-417a-a2b0-a5a581f6a9d3","World Turning On End","Tomb of Dead Dreams","illustration"
"0f4a8bfe-86a6-477d-9c9b-d3915f703c9f","Cthulhu","f9bdd50a-cb4a-40d0-91ac-058e828d61ca","Cthulhu","Tomb of Dead Dreams","illustration"
"3b2f9147-ce9c-4675-acfd-bce1fda9a3e7","Paysages Inconcevables","bdcc21b3-8ae5-4b6e-8d18-e176c36042c9","Inconceivable Vistas","Tomb of Dead Dreams","illustration"
"88cbfa75-0c80-44fd-abb1-1737264def73","Progéniture des Profonds","1704df6e-2d4c-4d66-9431-87506b17176e","Deep Progeny","Tomb of Dead Dreams","illustration"
"18169364-00fb-4d83-90a8-2be6ebbc0496","Rêveur Maudit","a393fa8b-002b-481a-b854-d064f05d4ba1","Damned Dreamer","Tomb of Dead Dreams","illustration"
"d7b828a5-8d79-41bd-bd3a-ba10749d1f1f","Le Dieu Mort s'Agite","0cbfc53d-be95-46f4-9e9d-ed2bd837cd4e","The Dead God Stirs","Tomb of Dead Dreams","illustration"
"61e3527b-af0c-4a00-89b8-c5e2e8848605","La Traque du Grand Rêveur","54f04e63-0f25-481a-aec6-9bf27f83f9f6","The Great Dreamer's Pursuit","Tomb of Dead Dreams","illustration"
"9b08395c-a1e1-4d97-becf-0bc8d7b737c6","L'Avènement de la Terreur","f2d967dd-d987-4fcc-ac1d-73edd1b01966","Dread Manifest","Tomb of Dead Dreams","illustration"
"5cb20377-dd60-4f2c-a464-6889480c94b7","Le Pilier Dissimulé","f02c2711-3eda-4074-8ffe-cdb11d9abd63","The Ethereal Pillar","Tomb of Dead Dreams","illustration"
"f9147462-98c0-426c-bbf6-b76e83dae2fe","Le Pilier Distordu","de558c1e-7bfe-4d1c-9840-d9485a23a340","The Distorted Pillar","Tomb of Dead Dreams","illustration"
"7623b4c3-0631-446f-942c-017691c62fbd","Le Pilier Fragmenté","9fe1d878-6d1c-4aa1-a1a2-7b80bfa6bb4c","The Fragmented Pillar","Tomb of Dead Dreams","illustration"
"b4f7c6d6-bab2-45ad-91db-0685feb77276","Le Pilier Arcanique","a1feaba6-f4d9-403c-a629-3c7a5a2b9a3f","The Arcane Pillar","Tomb of Dead Dreams","illustration"
"218f2f48-db3c-4ca5-ad20-78ec2d25377f","Le Pilier Éthéré","34e77ca7-6b0a-4950-b7aa-f554d998224e","The Veiled Pillar","Tomb of Dead Dreams","illustration"
"6563bfb7-a20e-46f0-aabc-aa59bd7dbb76","Le Pilier Protégé","5120c427-7671-4832-80c4-c9dbad1ef7d5","The Guarded Pillar","Tomb of Dead Dreams","illustration"
"8d51344b-cf67-4b17-9eb7-55452a0eac7d","Acropole Cyclopéenne","c74726a4-56d0-425d-af6c-86c53b3ea317","Cyclopean Acropolis","Tomb of Dead Dreams","illustration"
"a326e8ad-35ed-439b-ab6e-629cb2845206","Île Déformée","378a2669-cfa0-480b-a8b7-7c6df3344be4","Warped Island","Tomb of Dead Dreams","illustration"
"a7f4159e-87d0-4764-96ea-473b40f6eac8","Île Déformée","ed793c11-8ea3-4b23-bf42-04ca3b76903f","Warped Island","Tomb of Dead Dreams","illustration"
"c60ca52e-3dde-4277-bcd8-b7a5053a5938","Île Déformée","6d554e58-1b77-4931-8d5f-bcf29f7b50a9","Warped Island","Tomb of Dead Dreams","illustration"
"9e1e1b27-9a5c-42d7-ba79-4cd04a507456","Île Déformée","61dfa518-5cae-451e-b5da-683d2fc94565","Warped Island","Tomb of Dead Dreams","illustration"
"9cc946b6-d638-4211-a9e0-5619969ac26e","Île Déformée","7c3ca0d0-fc48-428b-90c7-f91ef7f21b11","Warped Island","Tomb of Dead Dreams","illustration"
"83b9a8ac-eae7-4ffc-bc88-ac92b7e2113d","Île Déformée","ad85b14f-d22f-43d5-89d6-7c59d813684c","Warped Island","Tomb of Dead Dreams","illustration"
"6000420a-b516-4d59-b8ba-3fc7bc138ffb","Île Déformée","6b4af13a-fb29-4f43-9fd5-cba6e7998b6e","Warped Island","Tomb of Dead Dreams","illustration"
"81037758-68ef-4251-82ea-f9e2c254e886","Île Déformée","202f390c-a7d3-4f6e-803a-01103e168261","Warped Island","Tomb of Dead Dreams","illustration"
"9d508a6d-9e11-403e-a94b-c6c082b24fa6","Île Déformée","faf1a167-f802-4435-b739-e51f35d8f909","Warped Island","Tomb of Dead Dreams","illustration"
"622eba31-2ba5-4180-9712-3f710ea84352","Île Déformée","e14b6852-d0db-4f4b-95a9-aceca8837cc4","Warped Island","Tomb of Dead Dreams","illustration"
"3201635b-e547-4ba0-a866-75fb025fb9bb","Île Déformée","f4035c7c-4270-4fc3-b339-3948727d33d6","Warped Island","Tomb of Dead Dreams","illustration"
"b133f864-d75c-4996-ba2c-cb58d63f205b","Île Déformée","a20f5a56-ea58-4cdc-9572-be75dbc6ac75","Warped Island","Tomb of Dead Dreams","illustration"
"d90a1e20-010c-4108-ae7b-815bbca740a6","Ruines de R'lyeh","9bb7dd41-1472-4175-bcbb-45c08a401065","Ruins of R'lyeh","Tomb of Dead Dreams","illustration"
"a60a130d-9639-46fe-a22d-46a6af22d84d","Fléaux Archaïques","8508f36b-b628-4d3b-a5f2-f0b47532f605","Archaic Evils","Archaic Evils","illustration"
"e8d037e6-3ed7-458c-90e3-b9844ae7ee2c","Architecte Fou","50704228-ff9e-4acf-8ba3-3b24998ed8da","Mad Architect","Architects of Chaos","illustration"
"cb1be0dc-a131-4b22-bc2f-5491a7676c31","Mystérieux Géomètre","d82674f0-bcbe-4047-a8c5-09db912a2724","Eldritch Geometer","Architects of Chaos","illustration"
"a3ecbe71-b048-4583-9960-1752a2820874","Sceaux Hyperboliques","50ec2b69-5694-4f10-af6c-bc8f56b476d3","Hyperbolic Sigils","Architects of Chaos","illustration"
"20667a5b-f63c-494f-a82d-d4a189ce13e3","Hallucinations Grotesques","4405e8f4-644b-480e-9f6d-d017cd2ff71f","Grotesque Hallucinations","Awakened Madness","illustration"
"ba41fc6e-0f8b-4c72-b0dc-5a3c2b345331","Rêveur Psychotique","66b109c6-cb88-4ba9-9285-d8f02b654dea","Delusional Dreamer","Awakened Madness","illustration"
"64c03031-45d1-4ded-9176-ed68856d87cb","Contre-Attaque","3e8afc7a-8418-4946-b4ae-bd7a2d1d7116","Counterassault","Countermeasures","illustration"
"e7b03b48-d89c-4ed8-ba39-6a99d2fb134c","Contre-Effort","1f6ad292-01d6-40db-abb0-80095639bcf6","Countereffort","Countermeasures","illustration"
"98ff7d47-ce74-46da-bd98-460701753c37","Contre-Intelligence","502751bd-26f4-4cd8-90c1-3e96a93206db","Counterintelligence","Countermeasures","illustration"
"fe18f93e-3b4d-4479-b3ad-98b9ff44c031","Contre-Jeu","25201713-4020-4135-9f25-ef694d1302b0","Counterplay","Countermeasures","illustration"
"17d41f9a-2c9f-4900-bcbd-281c04a2fbaa","Contre-Poids","000ab66c-baf0-4d17-a46a-7bd3e06eb65a","Counterbalance","Countermeasures","illustration"
"28e358b9-66e2-4939-b6b4-f77290752fe2","Contre-Pouvoir","355f42a5-f50f-41c4-9b0b-f0c1bdc40cdd","Counterforce","Countermeasures","illustration"
"a0a7c783-e218-4464-91d1-3e18c43e0b0d","Adorateur Éclairé","e7639fb6-9f8c-4acb-9f3b-d40893c0dda7","Lucid Worshipper","Cult of Cthulhu","illustration"
"04ed256a-43fe-4f7d-979b-24858857424d","Iä! Iä!","e5ae42a6-f13b-4cf5-ae78-6515258f3d67","Iä! Iä!","Cult of Cthulhu","illustration"
"8eec9738-60f3-4cb6-84d7-4785b6a3becd","Influence Corruptrice (Compulsion)","0862943e-f5c7-44c2-9392-ed12d546c3cd","Corrupting Influence (Compulsion)","Deep Dreams","illustration"
"a7b82d50-dc94-46a0-8e6a-5d50365bc313","Influence Corruptrice (Pression)","8712427c-4189-454a-ae8f-b689f514271b","Corrupting Influence (Strain)","Deep Dreams","illustration"
"ece1ec15-f2d4-4187-9bb4-b7f23e283bf6","Visions Abyssales","6f24be8e-516c-40d5-ba4a-6b1ddcd22f4d","Abyssal Visions","Deep Dreams","illustration"
"19e5c8e8-8b9c-4004-9827-ae0e9eb6c540","À Chaque Coin de Rue","c2847d99-c43d-4bef-b272-21a2362d25e2","Around Every Corner","Shadowy Agents","illustration"
"53997bbd-7c31-49fb-bb9c-f0d4fc3369fe","Barbouze","7df2c20c-9bfa-42c7-b45c-48857fc2ed79","Fixer","Shadowy Agents","illustration"
"8d042f21-f926-47ab-94d2-538513cb9f8d","Espion","37650fb3-6000-4f7a-b250-d2d18a284b04","Spook","Shadowy Agents","illustration"
"7c3a39be-2c88-4036-b61f-752fcb8111ce","Hybride Infiltré","b760009d-9d11-4f88-a6a4-23edc12e6963","Hybrid Infiltrator","Spawn of R'lyeh","illustration"
"217bbaa6-9839-4bbc-8d0f-dbeeeb586ac4","Jaillir des Ténèbres","590854ad-850e-4cc8-ae16-d1fd6acf1709","Out of Murky Darkness","Spawn of R'lyeh","illustration"
"c5c92e16-04cf-42a0-8849-06e097b52e49","Profond Prédateur","c7add86e-cbea-41c6-8670-6d7f0b6cc551","Deep One Raider","Spawn of R'lyeh","illustration"
"6c56eb71-542e-4aa1-8c5c-8d114925e8ce","Pluie Battante","18aa475b-c74f-424d-bfcc-afd2f0c31e9e","Driving Rain","Storm and Sea","illustration"
"566ca89a-db44-450a-8c13-0d48b79ad166","Vagues Déferlantes","da149f7e-83dc-4512-a162-b346f770fd33","Battering Waves","Storm and Sea","illustration"
"83faa8dd-66c7-458d-a207-0371321067b8","Bagarre de Rue","328a4569-a88c-4ecf-a58e-0a778a8ecaaf","Street Brawl","Unfriendly Ports","illustration"
"36c39be9-290c-43b5-aecc-ef48e373f274","Maraudeur","24a4ad64-b652-40ca-a6dd-4f27819f92fb","Wharf Rat","Unfriendly Ports","illustration"
"f403a3a7-719d-4b29-92e8-fa4e96731dd0","« Vous Devriez Quitter les Lieux… »","727cfb6c-709c-44cb-bada-37ff6a986e9f","""You'd better leave...""","Unfriendly Ports","illustration"
"bc10fb79-557a-44be-bacb-b2eb9b4c2509","Perspective Impossible","a92b00b0-5cff-4e46-b9c8-6221f3c87470","Impossible Perspective","Unnatural Stone","illustration"
"60a43f4c-c71f-4e85-9b8f-fedb310ff7ed","Pierre Déformée","0ec91103-4c83-413b-ab26-8b444fd830cd","Warped Stonework","Unnatural Stone","illustration"
"f7660897-8f01-40df-97b0-a4232d6e23d9","Repli Dimensionnel","0215277b-8ad7-4211-9b43-b4d4ec6cf58e","Dimensional Fold","Unnatural Stone","illustration"
"f72660fd-01c0-4968-a0cc-4cec123ce664","Parcourir le Monde (v. I)","d5ff2fb2-cfab-4f98-b2c2-b98ce462fb5c","Globetrotting (v.I)","Across Dreadful Waters","repli (set+type+niveau)"
"cb7deeb5-7470-46a4-bc3c-f6dc508bb18f","Parcourir le Monde (v. II)","663d44eb-b888-4436-8759-ae1a30cb1f17","Globetrotting (v.II)","Across Dreadful Waters","repli (set+type+niveau)"
"839879c6-a23a-48ea-aa8e-5b0d3de338b9","Parcourir le Monde (v. III)","99f46730-e19e-415f-b550-2fb021c5ce08","Globetrotting (v.III)","Across Dreadful Waters","repli (set+type+niveau)"
"1020774f-f63d-4ed8-92c9-8b157eb06248","Incident à Las Palmas","fdbcb883-db23-4def-afdb-0a37adc48c43","The Las Palmas Problem","Across Dreadful Waters","repli (set+type+niveau)"
"409be651-72ef-4d60-8b2f-50d5fb3c7c66","Incident à Gibraltar","abccbeef-5a91-443e-8736-16d071c43f7d","The Gibraltar Problem","Across Dreadful Waters","repli (set+type+niveau)"
"cdd5533a-a520-417c-bf69-eaf616aa845f","Incident à Colón","657f8035-c7b4-4b95-83c5-19873a39ee50","The Colón Problem","Across Dreadful Waters","repli (set+type+niveau)"
"5674f2be-652a-4f99-965f-576b39303b70","Incident au Cap","da4e29c8-9cfc-4408-a04a-fbbc6970661f","The Cape Town Problem","Across Dreadful Waters","repli (set+type+niveau)"
"a9d3f0f4-b501-48b4-a6be-6f4cdaed1a11","Incident à Port Saïd","26c3ad94-0b0d-4e11-a83e-129f4dcc3a9e","The Port Said Problem","Across Dreadful Waters","repli (set+type+niveau)"
"fc5d0c97-9b01-4bdc-a34f-79e8bb8427ff","Incident à Suva","db2b7fb7-3341-4e41-a62a-7ff06acadbcc","The Suva Problem","Across Dreadful Waters","repli (set+type+niveau)"
"12ba0401-59bd-49f2-aeb3-c5ca73d6fbc8","Incident à Zanzibar","70b971e8-f50f-4377-82a6-6af2f85958eb","The Zanzibar Problem","Across Dreadful Waters","repli (set+type+niveau)"
"5b28c314-7e97-4be7-8895-d4a4c40b31ec","Incident à Bombay","df36522a-f20b-40fa-b159-37aafe48150e","The Bombay Problem","Across Dreadful Waters","repli (set+type+niveau)"
"05531942-ac36-4abc-8f02-9613bfd8c29f","Incident à Sydney","eaaeb3f9-eba0-40f9-8e3f-8bf9268afb7a","The Sydney Problem","Across Dreadful Waters","repli (set+type+niveau)"
"10dd2f9c-4428-4c38-bf6d-fbe86ea09739","Au-Delà des Terreurs Marines","e132407b-65df-43b4-8bdf-1f2877c6f733","Across Dreadful Waters","Across Dreadful Waters","repli (set+type+niveau)"
"4c6daba9-67f3-458f-b009-e0676578e0c2","Sous le Dôme","7c7d7591-d84b-49c6-a6a2-7102412a6bcc","Under the Dome","Blood From Stones","repli (set+type+niveau)"
"4b1869e4-2769-4c40-a359-7f04f44acda6","Repousser les Limites","0fb5d974-f8d4-48b0-bfed-60fadfee43bb","Pushing the Boundaries","Blood From Stones","repli (set+type+niveau)"
"430f5cdb-bafa-4759-a410-62e7b0af47c7","Savoir, c'est Exister","536657ef-a83e-48c5-a4a7-6aa3e07aecf7","To Know is To Be","Blood From Stones","repli (set+type+niveau)"
"3342442f-1764-4fc3-ae16-7739087cd0dd","Le Sang des Pierres","861db656-fbd3-4456-93e6-e9edd1e1ffb6","Blood From Stones","Blood From Stones","repli (set+type+niveau)"
"8760fb92-4b02-4a2c-b012-f9268a43cdb5","Sceau Géométrique","df40cddf-85b2-4f82-bb0d-4f8aed52289f","Geometric Seal","Blood From Stones","repli (set+type+niveau)"
"f5d945fa-0606-4d99-ab08-28ad75483927","Sceau Géométrique","f08b9313-fc70-4dbe-801a-5abd2474618f","Geometric Seal","Blood From Stones","repli (set+type+niveau)"
"f081904a-d65e-4d17-b094-a2068e107dfc","Sceau Géométrique","4bd56389-350b-4a2e-b1c5-5330176c655d","Geometric Seal","Blood From Stones","repli (set+type+niveau)"
"ab7c27a0-d3ee-4e0c-b4a9-2c19730618c8","Sceau Géométrique","fb5d1a46-4fcf-46e9-90e3-33799cfba853","Geometric Seal","Blood From Stones","repli (set+type+niveau)"
"d7b41bb0-b811-4011-aa95-91f826d51cba","Sceau Géométrique","f5dce262-8590-4792-a66a-a2e4244f7bd1","Geometric Seal","Blood From Stones","repli (set+type+niveau)"
"42799366-7723-4290-91e9-eb023a8ecc80","Le Couvreur de la Grande Loge","372aa98a-105e-4930-b15a-821e9053ee99","The Tyler of the Grand Lodge","Crumbling Masonry","repli (set+type+niveau)"
"d6a3d578-575a-4051-b0c0-87332874510c","Débusquez-les","051b29d1-1716-4e0d-aa62-a45456449c38","Smoke Them Out","Crumbling Masonry","repli (set+type+niveau)"
"c7fce4d4-1141-4054-8d69-93843947e303","Au Suivant","7cc3f74e-8555-45b1-81c4-559cd641c330","Next in Line","Crumbling Masonry","repli (set+type+niveau)"
"85569e7a-471d-4d78-b43b-37f2420d13f8","Au Troisième","4a4276a6-1b85-4bf3-b4d7-b75f6c2744e4","Third Degree","Crumbling Masonry","repli (set+type+niveau)"
"3c46d668-7d98-43e9-b72b-6b77df3143ae","Fraternité Déliquescente","6f2410c6-d69b-4c80-b6f8-fa399f26c4fa","Crumbling Masonry","Crumbling Masonry","repli (set+type+niveau)"
"2e5b6db6-0ecd-4e60-a4bd-1a757c946d29","Accès Privé","700a0e02-4e46-4b50-8028-b8b15b828bd6","Private Access","Going Twice","repli (set+type+niveau)"
"0cfd1ba2-bdf1-4a30-89c8-81649bbe80fa","Biens Mal-Acquis","a1914a74-7ca4-43a7-90d7-c9821bb489f7","Ill-Gotten Gains","Going Twice","repli (set+type+niveau)"
"f9ea58c4-3dd5-4e93-965a-722db09e45b9","La Voie de la Raison","37fa28f5-4426-4e60-92f7-58ccce80e0d6","Pursuit of Reason","Going Twice","repli (set+type+niveau)"
"c6689e8d-c870-4aeb-9edd-c15729ba9a3e","Adjugé","f9430f7e-f0a1-4b2b-b3cf-b63ae2bf4cd9","Going Twice","Going Twice","repli (set+type+niveau)"
"85b2c9b1-482d-4546-824f-41cffc06377f","À la Recherche du Myra Louise","dee2571c-9b8d-4782-b030-ea7480b3f503","The Search for the Myra Louise","Lost Moorings","repli (set+type+niveau)"
"c18008f3-b7ec-4ba8-b7ba-71082caf97eb","Sauvetage Nautique","48abfd0b-347d-4f5e-a362-f1273166eb57","Marine Salvage","Lost Moorings","repli (set+type+niveau)"
"d92b76a9-27e3-4816-844d-30e5de1d5b77","Mort sur la Miskatonic","f92cbdf8-e30a-4227-8ac5-bc7703afcf65","Death on the Miskatonic","Lost Moorings","repli (set+type+niveau)"
"3c481377-8077-49f7-b14d-575c812d2d7f","Amarres Brisées","c082a3ce-e03e-432b-b7d9-47fa6c8af9dd","Lost Moorings","Lost Moorings","repli (set+type+niveau)"
"d0b43daa-5c11-415b-a074-13b12d1d4f46","Rubrique Nécrologique","71bcae0f-b525-418d-b250-a3cfc430f892","Obituary in Progress","Private Lives","repli (set+type+niveau)"
"ba802a05-5840-489d-a332-19a5f2f1c29e","Secrets Intimes","2960cad8-e87b-4098-86fa-bd924ef652ab","Private Lives","Private Lives","repli (set+type+niveau)"
"88a5e7ef-b6e2-49c0-a125-7994ffc8a149","Action Commanditée","a34ccd12-eb2a-46d5-a555-cf562f223570","Acting on Orders","Private Lives","repli (set+type+niveau)"
"a915ca78-59b1-49bb-be0d-4b6e332e5d68","Action Commanditée","5901eb5a-23f7-4525-9da9-58d41d01c7a2","Acting on Orders","Private Lives","repli (set+type+niveau)"
"57044e0c-0f05-47bb-9c96-7823a467e418","Voyage Mouvementé","39c76cfe-880b-42bf-9ca0-fc2cd1d6fd9a","Fractured Voyage","Pyroclastic Flow","repli (set+type+niveau)"
"fdcd1329-f518-4a20-ab4c-1eb54d5cbd03","Ascension Impossible","3f713f87-c68a-4515-a957-929e2bc2f6ee","Impossible Ascent","Pyroclastic Flow","repli (set+type+niveau)"
"817feda3-ba83-42a8-8fa3-73c2017aa8c7","Déconstruction (v. I)","eacab5e2-a5c8-4b64-bb85-8a13139e316e","Deconstruction (v.I)","Pyroclastic Flow","repli (set+type+niveau)"
"e4507b71-b605-4716-904a-8d8de6fa5b0a","Déconstruction (v. II)","47dfd316-e825-41fa-babf-c459c383ae88","Deconstruction (v.II)","Pyroclastic Flow","repli (set+type+niveau)"
"d1d7dc7b-466e-4d79-a4bc-fc9b8a14c375","Horizon Vertical","ecd726fa-a264-4f8a-bbf9-b0d327a97f36","Vertical Seascape","Pyroclastic Flow","repli (set+type+niveau)"
"3ef5de1a-1400-41e8-bf43-3afa3aa2a802","Coulée Pyroclastique","03bcc95c-33db-4ed2-9991-df35fb90d83a","Pyroclastic Flow","Tectonic Upheaval","repli (set+type+niveau)"
"99be4d26-940a-4b17-bd15-80c4f458d456","Paysage Cyclopéen","ef665208-bc8d-40c5-88b9-502a956fd00d","Cyclopean Landscape","Tomb of Dead Dreams","repli (set+type+niveau)"
"11859efb-3e4f-4743-8ad6-1ae8e7c49921","Architecture Inversée","860056e1-9a68-4eb2-86a8-e4dee37f39c9","Reverse Architectured","Tomb of Dead Dreams","repli (set+type+niveau)"
"c5993471-4690-4cdd-bfa0-0e0302f5535c","Le Tombeau des Rêves Défunts","c3c3401a-3419-4586-9efd-9894ef6188ae","Tomb of Dead Dreams","Tomb of Dead Dreams","repli (set+type+niveau)"
